drill_passport,depth_m,litology_code
605-E230725_P_B_9.B,-19.19,mica-quartz_carbonate_massive_rocks
605-E230725_P_B_9.B,-3.66,quartz-mica foliated schists
605-E230725_P_B_9.B,-2.07,mica-quartz_carbonate_massive_rocks
605-E230725_P_B_9.B,-2.04,mica-quartz_carbonate_massive_rocks
605-E230725_P_B_9.B,-2.0,quartz-mica foliated schists
605-E230725_P_B_9.B,-1.99,mica-quartz_carbonate_massive_rocks
605-E230725_P_B_9.B,-1.88,mica-quartz_carbonate_massive_rocks
605-E230725_P_B_9.B,-1.86,mica-quartz_carbonate_massive_rocks
605-E230725_P_B_9.B,-1.85,mica-quartz_carbonate_massive_rocks
605-E230725_P_B_9.B,-1.83,quartz-mica foliated schists
605-E230725_P_B_9.B,-1.81,mica-quartz_carbonate_massive_rocks
605-E230725_P_B_9.B,-1.79,quartz-mica foliated schists
605-E230725_P_B_9.B,-1.76,mica-quartz_carbonate_massive_rocks
605-E230725_P_B_9.B,-1.75,mica-quartz_carbonate_massive_rocks
605-E230725_P_B_9.B,-1.73,mica-quartz_carbonate_massive_rocks
605-E230725_P_B_9.B,-1.72,quartz-mica foliated schists
605-E230725_P_B_9.B,-1.7,mica-quartz_carbonate_massive_rocks
605-E230725_P_B_9.B,-1.64,quartz-mica foliated schists
605-E230725_P_B_9.B,-1.63,mica-quartz_carbonate_massive_rocks
605-E230725_P_B_9.B,-1.62,mica-quartz_carbonate_massive_rocks
605-E230725_P_B_9.B,-1.61,quartz-mica foliated schists
605-E230725_P_B_9.B,-1.59,mica-quartz_carbonate_massive_rocks
605-E230725_P_B_9.B,-1.58,mica-quartz_carbonate_massive_rocks
605-E230725_P_B_9.B,-1.57,mica-quartz_carbonate_massive_rocks
605-E230725_P_B_9.B,-1.56,mica-quartz_carbonate_massive_rocks
605-E230725_P_B_9.B,-1.54,mica-quartz_carbonate_massive_rocks
605-E230725_P_B_9.B,-1.51,mica-quartz_carbonate_massive_rocks
605-E230725_P_B_9.B,-1.5,mica-quartz_carbonate_massive_rocks
605-E230725_P_B_9.B,-1.49,mica-quartz_carbonate_massive_rocks
605-E230725_P_B_9.B,-1.48,mica-quartz_carbonate_massive_rocks
605-E230725_P_B_9.B,-1.47,mica-quartz_carbonate_massive_rocks
605-E230725_P_B_9.B,-1.46,mica-quartz_carbonate_massive_rocks
605-E230725_P_B_9.B,-1.45,mica-quartz_carbonate_massive_rocks
605-E230725_P_B_9.B,-1.44,quartz-mica foliated schists
605-E230725_P_B_9.B,-1.42,quartz-mica foliated schists
605-E230725_P_B_9.B,-1.41,mica-quartz_carbonate_massive_rocks
605-E230725_P_B_9.B,-1.4,mica-quartz_carbonate_massive_rocks
605-E230725_P_B_9.B,-1.39,mica-quartz_carbonate_massive_rocks
605-E230725_P_B_9.B,-1.38,mica-quartz_carbonate_massive_rocks
605-E230725_P_B_9.B,-1.37,mica-quartz_carbonate_massive_rocks
605-E230725_P_B_9.B,-1.36,mica-quartz_carbonate_massive_rocks
605-E230725_P_B_9.B,-1.35,mica-quartz_carbonate_massive_rocks
605-E230725_P_B_9.B,-1.34,mica-quartz_carbonate_massive_rocks
605-E230725_P_B_9.B,-1.33,mica-quartz_carbonate_massive_rocks
605-E230725_P_B_9.B,-1.32,mica-quartz_carbonate_massive_rocks
605-E230725_P_B_9.B,-1.31,mica-quartz_carbonate_massive_rocks
605-E230725_P_B_9.B,-1.29,mica-quartz_carbonate_massive_rocks
605-E230725_P_B_9.B,-1.28,mica-quartz_carbonate_massive_rocks
605-E230725_P_B_9.B,-1.27,mica-quartz_carbonate_massive_rocks
605-E230725_P_B_9.B,-1.25,quartz-mica foliated schists
605-E230725_P_B_9.B,-1.23,quartz-mica foliated schists
605-E230725_P_B_9.B,-1.22,mica-quartz_carbonate_massive_rocks
605-E230725_P_B_9.B,-1.21,mica-quartz_carbonate_massive_rocks
605-E230725_P_B_9.B,-1.2,mica-quartz_carbonate_massive_rocks
605-E230725_P_B_9.B,-1.19,mica-quartz_carbonate_massive_rocks
605-E230725_P_B_9.B,-1.14,mica-quartz_carbonate_massive_rocks
605-E230725_P_B_9.B,-1.13,mica-quartz_carbonate_massive_rocks
605-E230725_P_B_9.B,-1.1,mica-quartz_carbonate_massive_rocks
605-E230725_P_B_9.B,-1.08,mica-quartz_carbonate_massive_rocks
605-E230725_P_B_9.B,-1.07,mica-quartz_carbonate_massive_rocks
605-E230725_P_B_9.B,-1.04,quartz-mica foliated schists
605-E230725_P_B_9.B,-1.03,mica-quartz_carbonate_massive_rocks
605-E230725_P_B_9.B,-1.02,mica-quartz_carbonate_massive_rocks
605-E230725_P_B_9.B,-0.98,mica-quartz_carbonate_massive_rocks
605-E230725_P_B_9.B,-0.96,mica-quartz_carbonate_massive_rocks
605-E230725_P_B_9.B,-0.95,quartz-mica foliated schists
605-E230725_P_B_9.B,-0.41,mica-quartz_carbonate_massive_rocks
605-E230725_P_B_9.B,0.01,mica-quartz_carbonate_massive_rocks
605-E230725_P_B_9.B,0.02,mica-quartz_carbonate_massive_rocks
605-E230725_P_B_9.B,0.03,mica-quartz_carbonate_massive_rocks
605-E230725_P_B_9.B,0.04,mica-quartz_carbonate_massive_rocks
605-E230725_P_B_9.B,0.05,mica-quartz_carbonate_massive_rocks
605-E230725_P_B_9.B,0.06,mica-quartz_carbonate_massive_rocks
605-E230725_P_B_9.B,0.07,mica-quartz_carbonate_massive_rocks
605-E230725_P_B_9.B,0.08,mica-quartz_carbonate_massive_rocks
605-E230725_P_B_9.B,0.09,mica-quartz_carbonate_massive_rocks
605-E230725_P_B_9.B,0.1,mica-quartz_carbonate_massive_rocks
605-E230725_P_B_9.B,0.11,mica-quartz_carbonate_massive_rocks
605-E230725_P_B_9.B,0.12,mica-quartz_carbonate_massive_rocks
605-E230725_P_B_9.B,0.13,mica-quartz_carbonate_massive_rocks
605-E230725_P_B_9.B,0.14,mica-quartz_carbonate_massive_rocks
605-E230725_P_B_9.B,0.15,mica-quartz_carbonate_massive_rocks
605-E230725_P_B_9.B,0.16,mica-quartz_carbonate_massive_rocks
605-E230725_P_B_9.B,0.17,mica-quartz_carbonate_massive_rocks
605-E230725_P_B_9.B,0.18,mica-quartz_carbonate_massive_rocks
605-E230725_P_B_9.B,0.19,mica-quartz_carbonate_massive_rocks
605-E230725_P_B_9.B,0.2,mica-quartz_carbonate_massive_rocks
605-E230725_P_B_9.B,0.21,mica-quartz_carbonate_massive_rocks
605-E230725_P_B_9.B,0.22,mica-quartz_carbonate_massive_rocks
605-E230725_P_B_9.B,0.23,mica-quartz_carbonate_massive_rocks
605-E230725_P_B_9.B,0.24,mica-quartz_carbonate_massive_rocks
605-E230725_P_B_9.B,0.25,mica-quartz_carbonate_massive_rocks
605-E230725_P_B_9.B,0.26,mica-quartz_carbonate_massive_rocks
605-E230725_P_B_9.B,0.27,mica-quartz_carbonate_massive_rocks
605-E230725_P_B_9.B,0.28,mica-quartz_carbonate_massive_rocks
605-E230725_P_B_9.B,0.29,mica-quartz_carbonate_massive_rocks
605-E230725_P_B_9.B,0.3,mica-quartz_carbonate_massive_rocks
605-E230725_P_B_9.B,0.31,mica-quartz_carbonate_massive_rocks
605-E230725_P_B_9.B,0.32,mica-quartz_carbonate_massive_rocks
605-E230725_P_B_9.B,0.33,mica-quartz_carbonate_massive_rocks
605-E230725_P_B_9.B,0.34,mica-quartz_carbonate_massive_rocks
605-E230725_P_B_9.B,0.35,mica-quartz_carbonate_massive_rocks
605-E230725_P_B_9.B,0.36,mica-quartz_carbonate_massive_rocks
605-E230725_P_B_9.B,0.37,mica-quartz_carbonate_massive_rocks
605-E230725_P_B_9.B,0.38,mica-quartz_carbonate_massive_rocks
605-E230725_P_B_9.B,0.39,mica-quartz_carbonate_massive_rocks
605-E230725_P_B_9.B,0.4,mica-quartz_carbonate_massive_rocks
605-E230725_P_B_9.B,0.41,mica-quartz_carbonate_massive_rocks
605-E230725_P_B_9.B,0.42,mica-quartz_carbonate_massive_rocks
605-E230725_P_B_9.B,0.43,mica-quartz_carbonate_massive_rocks
605-E230725_P_B_9.B,0.44,mica-quartz_carbonate_massive_rocks
605-E230725_P_B_9.B,0.45,mica-quartz_carbonate_massive_rocks
605-E230725_P_B_9.B,0.46,mica-quartz_carbonate_massive_rocks
605-E230725_P_B_9.B,0.47,mica-quartz_carbonate_massive_rocks
605-E230725_P_B_9.B,0.48,mica-quartz_carbonate_massive_rocks
605-E230725_P_B_9.B,0.49,mica-quartz_carbonate_massive_rocks
605-E230725_P_B_9.B,0.5,mica-quartz_carbonate_massive_rocks
605-E230725_P_B_9.B,0.51,mica-quartz_carbonate_massive_rocks
605-E230725_P_B_9.B,0.52,mica-quartz_carbonate_massive_rocks
605-E230725_P_B_9.B,0.53,mica-quartz_carbonate_massive_rocks
605-E230725_P_B_9.B,0.54,mica-quartz_carbonate_massive_rocks
605-E230725_P_B_9.B,0.55,mica-quartz_carbonate_massive_rocks
605-E230725_P_B_9.B,0.56,mica-quartz_carbonate_massive_rocks
605-E230725_P_B_9.B,0.57,mica-quartz_carbonate_massive_rocks
605-E230725_P_B_9.B,0.58,mica-quartz_carbonate_massive_rocks
605-E230725_P_B_9.B,0.59,mica-quartz_carbonate_massive_rocks
605-E230725_P_B_9.B,0.6,mica-quartz_carbonate_massive_rocks
605-E230725_P_B_9.B,0.61,mica-quartz_carbonate_massive_rocks
605-E230725_P_B_9.B,0.62,mica-quartz_carbonate_massive_rocks
605-E230725_P_B_9.B,0.63,mica-quartz_carbonate_massive_rocks
605-E230725_P_B_9.B,0.64,mica-quartz_carbonate_massive_rocks
605-E230725_P_B_9.B,0.65,mica-quartz_carbonate_massive_rocks
605-E230725_P_B_9.B,0.66,mica-quartz_carbonate_massive_rocks
605-E230725_P_B_9.B,0.67,mica-quartz_carbonate_massive_rocks
605-E230725_P_B_9.B,0.68,mica-quartz_carbonate_massive_rocks
605-E230725_P_B_9.B,0.69,mica-quartz_carbonate_massive_rocks
605-E230725_P_B_9.B,0.7,mica-quartz_carbonate_massive_rocks
605-E230725_P_B_9.B,0.71,mica-quartz_carbonate_massive_rocks
605-E230725_P_B_9.B,0.72,mica-quartz_carbonate_massive_rocks
605-E230725_P_B_9.B,0.73,mica-quartz_carbonate_massive_rocks
605-E230725_P_B_9.B,0.74,mica-quartz_carbonate_massive_rocks
605-E230725_P_B_9.B,0.75,mica-quartz_carbonate_massive_rocks
605-E230725_P_B_9.B,0.76,mica-quartz_carbonate_massive_rocks
605-E230725_P_B_9.B,0.77,mica-quartz_carbonate_massive_rocks
605-E230725_P_B_9.B,0.78,mica-quartz_carbonate_massive_rocks
605-E230725_P_B_9.B,0.79,mica-quartz_carbonate_massive_rocks
605-E230725_P_B_9.B,0.8,mica-quartz_carbonate_massive_rocks
605-E230725_P_B_9.B,0.81,mica-quartz_carbonate_massive_rocks
605-E230725_P_B_9.B,0.82,mica-quartz_carbonate_massive_rocks
605-E230725_P_B_9.B,0.83,mica-quartz_carbonate_massive_rocks
605-E230725_P_B_9.B,0.84,mica-quartz_carbonate_massive_rocks
605-E230725_P_B_9.B,0.85,mica-quartz_carbonate_massive_rocks
605-E230725_P_B_9.B,0.86,mica-quartz_carbonate_massive_rocks
605-E230725_P_B_9.B,0.87,mica-quartz_carbonate_massive_rocks
605-E230725_P_B_9.B,0.88,mica-quartz_carbonate_massive_rocks
605-E230725_P_B_9.B,0.89,mica-quartz_carbonate_massive_rocks
605-E230725_P_B_9.B,0.9,mica-quartz_carbonate_massive_rocks
605-E230725_P_B_9.B,0.91,mica-quartz_carbonate_massive_rocks
605-E230725_P_B_9.B,0.92,mica-quartz_carbonate_massive_rocks
605-E230725_P_B_9.B,0.93,mica-quartz_carbonate_massive_rocks
605-E230725_P_B_9.B,0.94,mica-quartz_carbonate_massive_rocks
605-E230725_P_B_9.B,0.95,mica-quartz_carbonate_massive_rocks
605-E230725_P_B_9.B,0.96,mica-quartz_carbonate_massive_rocks
605-E230725_P_B_9.B,0.97,mica-quartz_carbonate_massive_rocks
605-E230725_P_B_9.B,0.98,mica-quartz_carbonate_massive_rocks
605-E230725_P_B_9.B,0.99,mica-quartz_carbonate_massive_rocks
605-E230725_P_B_9.B,1.0,mica-quartz_carbonate_massive_rocks
605-E230725_P_B_9.B,1.01,mica-quartz_carbonate_massive_rocks
605-E230725_P_B_9.B,1.02,mica-quartz_carbonate_massive_rocks
605-E230725_P_B_9.B,1.03,mica-quartz_carbonate_massive_rocks
605-E230725_P_B_9.B,1.04,mica-quartz_carbonate_massive_rocks
605-E230725_P_B_9.B,1.06,mica-quartz_carbonate_massive_rocks
605-E230725_P_B_9.B,1.08,mica-quartz_carbonate_massive_rocks
605-E230725_P_B_9.B,1.09,quartz-mica foliated schists
605-E230725_P_B_9.B,1.1,mica-quartz_carbonate_massive_rocks
630-E030525_P_B_1.B,-2.14,mica-quartz_carbonate_massive_rocks
630-E030525_P_B_1.B,-1.93,quartz-mica foliated schists
630-E030525_P_B_1.B,-1.9,quartz-mica foliated schists
630-E030525_P_B_1.B,-1.87,quartz-mica foliated schists
630-E030525_P_B_1.B,-1.86,quartz-mica foliated schists
630-E030525_P_B_1.B,-1.85,mica-quartz_carbonate_massive_rocks
630-E030525_P_B_1.B,-1.83,quartz-mica foliated schists
630-E030525_P_B_1.B,-1.78,quartz-mica foliated schists
630-E030525_P_B_1.B,-1.76,quartz-mica foliated schists
630-E030525_P_B_1.B,-1.75,quartz-mica foliated schists
630-E030525_P_B_1.B,-1.72,mica-quartz_carbonate_massive_rocks
630-E030525_P_B_1.B,-1.71,quartz-mica foliated schists
630-E030525_P_B_1.B,-1.7,quartz-mica foliated schists
630-E030525_P_B_1.B,-1.69,quartz-mica foliated schists
630-E030525_P_B_1.B,-1.68,mica-quartz_carbonate_massive_rocks
630-E030525_P_B_1.B,-1.67,quartz-mica foliated schists
630-E030525_P_B_1.B,-1.65,quartz-mica foliated schists
630-E030525_P_B_1.B,-1.64,mica-quartz_carbonate_massive_rocks
630-E030525_P_B_1.B,-1.63,quartz-mica foliated schists
630-E030525_P_B_1.B,-1.62,mica-quartz_carbonate_massive_rocks
630-E030525_P_B_1.B,-1.61,quartz-mica foliated schists
630-E030525_P_B_1.B,-1.6,quartz-mica foliated schists
630-E030525_P_B_1.B,-1.59,quartz-mica foliated schists
630-E030525_P_B_1.B,-1.57,mica-quartz_carbonate_massive_rocks
630-E030525_P_B_1.B,-1.56,quartz-mica foliated schists
630-E030525_P_B_1.B,-1.55,quartz-mica foliated schists
630-E030525_P_B_1.B,-1.53,quartz-mica foliated schists
630-E030525_P_B_1.B,-1.52,mica-quartz_carbonate_massive_rocks
630-E030525_P_B_1.B,-1.51,quartz-mica foliated schists
630-E030525_P_B_1.B,-1.5,quartz-mica foliated schists
630-E030525_P_B_1.B,-1.49,mica-quartz_carbonate_massive_rocks
630-E030525_P_B_1.B,-1.48,quartz-mica foliated schists
630-E030525_P_B_1.B,-1.47,quartz-mica foliated schists
630-E030525_P_B_1.B,-1.46,mica-quartz_carbonate_massive_rocks
630-E030525_P_B_1.B,-1.45,mica-quartz_carbonate_massive_rocks
630-E030525_P_B_1.B,-1.44,quartz-mica foliated schists
630-E030525_P_B_1.B,-1.43,quartz-mica foliated schists
630-E030525_P_B_1.B,-1.42,mica-quartz_carbonate_massive_rocks
630-E030525_P_B_1.B,-1.41,mica-quartz_carbonate_massive_rocks
630-E030525_P_B_1.B,-1.4,quartz-mica foliated schists
630-E030525_P_B_1.B,-1.39,carbonaceous quartz-mica calcium metasomatites
630-E030525_P_B_1.B,-1.37,quartz-mica foliated schists
630-E030525_P_B_1.B,-1.36,quartz-mica foliated schists
630-E030525_P_B_1.B,-1.35,quartz-mica foliated schists
630-E030525_P_B_1.B,-1.34,quartz-mica foliated schists
630-E030525_P_B_1.B,-1.33,carbonaceous quartz-mica calcium metasomatites
630-E030525_P_B_1.B,-1.32,quartz-mica foliated schists
630-E030525_P_B_1.B,-1.31,quartz-mica foliated schists
630-E030525_P_B_1.B,-1.3,quartz-mica foliated schists
630-E030525_P_B_1.B,-1.29,quartz-mica foliated schists
630-E030525_P_B_1.B,-1.28,mica-quartz_carbonate_massive_rocks
630-E030525_P_B_1.B,-1.27,quartz-mica foliated schists
630-E030525_P_B_1.B,-1.26,mica-quartz_carbonate_massive_rocks
630-E030525_P_B_1.B,-1.24,quartz-mica foliated schists
630-E030525_P_B_1.B,-1.23,quartz-mica foliated schists
630-E030525_P_B_1.B,-1.22,quartz-mica foliated schists
630-E030525_P_B_1.B,-1.21,quartz-mica foliated schists
630-E030525_P_B_1.B,-1.2,quartz-mica foliated schists
630-E030525_P_B_1.B,-1.19,quartz-mica foliated schists
630-E030525_P_B_1.B,-1.18,quartz-mica foliated schists
630-E030525_P_B_1.B,-1.17,quartz-mica foliated schists
630-E030525_P_B_1.B,-1.16,quartz-mica foliated schists
630-E030525_P_B_1.B,-1.15,quartz-mica foliated schists
630-E030525_P_B_1.B,-1.14,quartz-mica foliated schists
630-E030525_P_B_1.B,-1.13,quartz-mica foliated schists
630-E030525_P_B_1.B,-1.12,quartz-mica foliated schists
630-E030525_P_B_1.B,-1.1,quartz-mica foliated schists
630-E030525_P_B_1.B,-1.06,quartz-mica foliated schists
630-E030525_P_B_1.B,-1.04,quartz-mica foliated schists
630-E030525_P_B_1.B,-1.03,quartz-mica foliated schists
630-E030525_P_B_1.B,-1.02,quartz-mica foliated schists
630-E030525_P_B_1.B,-0.96,quartz-mica foliated schists
630-E030525_P_B_1.B,-0.93,quartz-mica foliated schists
630-E030525_P_B_1.B,-0.9,quartz-mica foliated schists
630-E030525_P_B_1.B,0.01,carbonaceous quartz-mica calcium metasomatites
630-E030525_P_B_1.B,0.02,carbonaceous quartz-mica calcium metasomatites
630-E030525_P_B_1.B,0.03,carbonaceous quartz-mica calcium metasomatites
630-E030525_P_B_1.B,0.04,carbonaceous quartz-mica calcium metasomatites
630-E030525_P_B_1.B,0.05,carbonaceous quartz-mica calcium metasomatites
630-E030525_P_B_1.B,0.06,carbonaceous quartz-mica calcium metasomatites
630-E030525_P_B_1.B,0.07,carbonaceous quartz-mica calcium metasomatites
630-E030525_P_B_1.B,0.08,carbonaceous quartz-mica calcium metasomatites
630-E030525_P_B_1.B,0.09,carbonaceous quartz-mica calcium metasomatites
630-E030525_P_B_1.B,0.1,carbonaceous quartz-mica calcium metasomatites
630-E030525_P_B_1.B,0.11,carbonaceous quartz-mica calcium metasomatites
630-E030525_P_B_1.B,0.12,carbonaceous quartz-mica calcium metasomatites
630-E030525_P_B_1.B,0.13,mica-quartz_carbonate_massive_rocks
630-E030525_P_B_1.B,0.14,carbonaceous quartz-mica calcium metasomatites
630-E030525_P_B_1.B,0.15,mica-quartz_carbonate_massive_rocks
630-E030525_P_B_1.B,0.16,mica-quartz_carbonate_massive_rocks
630-E030525_P_B_1.B,0.17,mica-quartz_carbonate_massive_rocks
630-E030525_P_B_1.B,0.18,mica-quartz_carbonate_massive_rocks
630-E030525_P_B_1.B,0.19,mica-quartz_carbonate_massive_rocks
630-E030525_P_B_1.B,0.2,carbonaceous quartz-mica calcium metasomatites
630-E030525_P_B_1.B,0.21,mica-quartz_carbonate_massive_rocks
630-E030525_P_B_1.B,0.22,mica-quartz_carbonate_massive_rocks
630-E030525_P_B_1.B,0.23,mica-quartz_carbonate_massive_rocks
630-E030525_P_B_1.B,0.24,mica-quartz_carbonate_massive_rocks
630-E030525_P_B_1.B,0.25,mica-quartz_carbonate_massive_rocks
630-E030525_P_B_1.B,0.26,carbonaceous quartz-mica calcium metasomatites
630-E030525_P_B_1.B,0.27,carbonaceous quartz-mica calcium metasomatites
630-E030525_P_B_1.B,0.28,carbonaceous quartz-mica calcium metasomatites
630-E030525_P_B_1.B,0.29,mica-quartz_carbonate_massive_rocks
630-E030525_P_B_1.B,0.3,carbonaceous quartz-mica calcium metasomatites
630-E030525_P_B_1.B,0.31,mica-quartz_carbonate_massive_rocks
630-E030525_P_B_1.B,0.32,mica-quartz_carbonate_massive_rocks
630-E030525_P_B_1.B,0.33,carbonaceous quartz-mica calcium metasomatites
630-E030525_P_B_1.B,0.34,mica-quartz_carbonate_massive_rocks
630-E030525_P_B_1.B,0.35,mica-quartz_carbonate_massive_rocks
630-E030525_P_B_1.B,0.36,mica-quartz_carbonate_massive_rocks
630-E030525_P_B_1.B,0.37,mica-quartz_carbonate_massive_rocks
630-E030525_P_B_1.B,0.38,mica-quartz_carbonate_massive_rocks
630-E030525_P_B_1.B,0.39,carbonaceous quartz-mica calcium metasomatites
630-E030525_P_B_1.B,0.4,mica-quartz_carbonate_massive_rocks
630-E030525_P_B_1.B,0.41,mica-quartz_carbonate_massive_rocks
630-E030525_P_B_1.B,0.42,mica-quartz_carbonate_massive_rocks
630-E030525_P_B_1.B,0.43,mica-quartz_carbonate_massive_rocks
630-E030525_P_B_1.B,0.44,carbonaceous quartz-mica calcium metasomatites
630-E030525_P_B_1.B,0.45,mica-quartz_carbonate_massive_rocks
630-E030525_P_B_1.B,0.46,mica-quartz_carbonate_massive_rocks
630-E030525_P_B_1.B,0.47,mica-quartz_carbonate_massive_rocks
630-E030525_P_B_1.B,0.48,carbonaceous quartz-mica calcium metasomatites
630-E030525_P_B_1.B,0.49,carbonaceous quartz-mica calcium metasomatites
630-E030525_P_B_1.B,0.5,carbonaceous quartz-mica calcium metasomatites
630-E030525_P_B_1.B,0.51,mica-quartz_carbonate_massive_rocks
630-E030525_P_B_1.B,0.52,quartz-mica foliated schists
630-E030525_P_B_1.B,0.53,mica-quartz_carbonate_massive_rocks
630-E030525_P_B_1.B,0.54,carbonaceous quartz-mica calcium metasomatites
630-E030525_P_B_1.B,0.55,mica-quartz_carbonate_massive_rocks
630-E030525_P_B_1.B,0.56,mica-quartz_carbonate_massive_rocks
630-E030525_P_B_1.B,0.57,mica-quartz_carbonate_massive_rocks
630-E030525_P_B_1.B,0.58,mica-quartz_carbonate_massive_rocks
630-E030525_P_B_1.B,0.59,carbonaceous quartz-mica calcium metasomatites
630-E030525_P_B_1.B,0.6,mica-quartz_carbonate_massive_rocks
630-E030525_P_B_1.B,0.61,mica-quartz_carbonate_massive_rocks
630-E030525_P_B_1.B,0.62,carbonaceous quartz-mica calcium metasomatites
630-E030525_P_B_1.B,0.63,mica-quartz_carbonate_massive_rocks
630-E030525_P_B_1.B,0.64,quartz-mica foliated schists
630-E030525_P_B_1.B,0.65,carbonaceous quartz-mica calcium metasomatites
630-E030525_P_B_1.B,0.66,mica-quartz_carbonate_massive_rocks
630-E030525_P_B_1.B,0.67,mica-quartz_carbonate_massive_rocks
630-E030525_P_B_1.B,0.68,mica-quartz_carbonate_massive_rocks
630-E030525_P_B_1.B,0.69,carbonaceous quartz-mica calcium metasomatites
630-E030525_P_B_1.B,0.7,quartz-mica foliated schists
630-E030525_P_B_1.B,0.71,carbonaceous quartz-mica calcium metasomatites
630-E030525_P_B_1.B,0.72,mica-quartz_carbonate_massive_rocks
630-E030525_P_B_1.B,0.73,mica-quartz_carbonate_massive_rocks
630-E030525_P_B_1.B,0.74,mica-quartz_carbonate_massive_rocks
630-E030525_P_B_1.B,0.75,carbonaceous quartz-mica calcium metasomatites
630-E030525_P_B_1.B,0.76,carbonaceous quartz-mica calcium metasomatites
630-E030525_P_B_1.B,0.77,mica-quartz_carbonate_massive_rocks
630-E030525_P_B_1.B,0.78,mica-quartz_carbonate_massive_rocks
630-E030525_P_B_1.B,0.79,mica-quartz_carbonate_massive_rocks
630-E030525_P_B_1.B,0.8,mica-quartz_carbonate_massive_rocks
630-E030525_P_B_1.B,0.81,carbonaceous quartz-mica calcium metasomatites
630-E030525_P_B_1.B,0.82,quartz-mica foliated schists
630-E030525_P_B_1.B,0.83,mica-quartz_carbonate_massive_rocks
630-E030525_P_B_1.B,0.84,mica-quartz_carbonate_massive_rocks
630-E030525_P_B_1.B,0.85,carbonaceous quartz-mica calcium metasomatites
630-E030525_P_B_1.B,0.86,carbonaceous quartz-mica calcium metasomatites
630-E030525_P_B_1.B,0.87,carbonaceous quartz-mica calcium metasomatites
630-E030525_P_B_1.B,0.88,carbonaceous quartz-mica calcium metasomatites
630-E030525_P_B_1.B,0.89,carbonaceous quartz-mica calcium metasomatites
630-E030525_P_B_1.B,0.9,mica-quartz_carbonate_massive_rocks
630-E030525_P_B_1.B,0.91,quartz-mica foliated schists
630-E030525_P_B_1.B,0.92,carbonaceous quartz-mica calcium metasomatites
630-E030525_P_B_1.B,0.93,mica-quartz_carbonate_massive_rocks
630-E030525_P_B_1.B,0.94,mica-quartz_carbonate_massive_rocks
630-E030525_P_B_1.B,0.95,mica-quartz_carbonate_massive_rocks
630-E030525_P_B_1.B,0.96,carbonaceous quartz-mica calcium metasomatites
630-E030525_P_B_1.B,0.97,mica-quartz_carbonate_massive_rocks
630-E030525_P_B_1.B,0.98,mica-quartz_carbonate_massive_rocks
630-E030525_P_B_1.B,0.99,carbonaceous quartz-mica calcium metasomatites
630-E030525_P_B_1.B,1.0,carbonaceous quartz-mica calcium metasomatites
630-E030525_P_B_1.B,1.01,carbonaceous quartz-mica calcium metasomatites
630-E030525_P_B_1.B,1.02,carbonaceous quartz-mica calcium metasomatites
630-E030525_P_B_1.B,1.03,mica-quartz_carbonate_massive_rocks
630-E030525_P_B_1.B,1.04,quartz-mica foliated schists
630-E030525_P_B_1.B,1.06,mica-quartz_carbonate_massive_rocks
630-E030525_P_B_1.B,1.07,quartz-mica foliated schists
630-E030525_P_B_1.B,1.08,quartz-mica foliated schists
630-E030525_P_B_1.B,1.09,quartz-mica foliated schists
630-E030525_P_B_1.B,1.1,quartz-mica foliated schists
630-E030525_P_B_1.B,1.12,quartz-mica foliated schists
630-E030525_P_B_1.B,1.16,quartz-mica foliated schists
630-E030525_P_B_1.B,1.18,quartz-mica foliated schists
630-E030525_P_B_1.B,1.23,quartz-mica foliated schists
630-E030525_P_B_1.B,1.24,quartz-mica foliated schists
630-E040625_P_B_4.A,-3.07,carbonized_quartz-mica_hornfels_shists
630-E040625_P_B_4.A,-2.46,carbonized_quartz-mica_hornfels_shists
630-E040625_P_B_4.A,-2.25,carbonized_quartz-mica_hornfels_shists
630-E040625_P_B_4.A,-2.22,carbonized_quartz-mica_hornfels_shists
630-E040625_P_B_4.A,-2.21,carbonized_quartz-mica_hornfels_shists
630-E040625_P_B_4.A,-2.18,carbonized_quartz-mica_hornfels_shists
630-E040625_P_B_4.A,-2.15,carbonized_quartz-mica_hornfels_shists
630-E040625_P_B_4.A,-2.07,carbonized_quartz-mica_hornfels_shists
630-E040625_P_B_4.A,-2.06,carbonized_quartz-mica_hornfels_shists
630-E040625_P_B_4.A,-2.03,carbonized_quartz-mica_hornfels_shists
630-E040625_P_B_4.A,-2.02,carbonized_quartz-mica_hornfels_shists
630-E040625_P_B_4.A,-2.01,carbonized_quartz-mica_hornfels_shists
630-E040625_P_B_4.A,-1.99,carbonized_quartz-mica_hornfels_shists
630-E040625_P_B_4.A,-1.98,carbonized_quartz-mica_hornfels_shists
630-E040625_P_B_4.A,-1.96,carbonized_quartz-mica_hornfels_shists
630-E040625_P_B_4.A,-1.95,carbonized_quartz-mica_hornfels_shists
630-E040625_P_B_4.A,-1.94,carbonized_quartz-mica_hornfels_shists
630-E040625_P_B_4.A,-1.92,carbonized_quartz-mica_hornfels_shists
630-E040625_P_B_4.A,-1.91,carbonized_quartz-mica_hornfels_shists
630-E040625_P_B_4.A,-1.9,carbonized_quartz-mica_hornfels_shists
630-E040625_P_B_4.A,-1.89,carbonized_quartz-mica_hornfels_shists
630-E040625_P_B_4.A,-1.87,carbonized_quartz-mica_hornfels_shists
630-E040625_P_B_4.A,-1.84,carbonized_quartz-mica_hornfels_shists
630-E040625_P_B_4.A,-1.83,carbonized_quartz-mica_hornfels_shists
630-E040625_P_B_4.A,-1.82,carbonized_quartz-mica_hornfels_shists
630-E040625_P_B_4.A,-1.81,carbonized_quartz-mica_hornfels_shists
630-E040625_P_B_4.A,-1.8,carbonized_quartz-mica_hornfels_shists
630-E040625_P_B_4.A,-1.79,carbonized_quartz-mica_hornfels_shists
630-E040625_P_B_4.A,-1.77,carbonized_quartz-mica_hornfels_shists
630-E040625_P_B_4.A,-1.76,carbonized_quartz-mica_hornfels_shists
630-E040625_P_B_4.A,-1.75,carbonized_quartz-mica_hornfels_shists
630-E040625_P_B_4.A,-1.74,carbonized_quartz-mica_hornfels_shists
630-E040625_P_B_4.A,-1.73,carbonized_quartz-mica_hornfels_shists
630-E040625_P_B_4.A,-1.72,carbonized_quartz-mica_hornfels_shists
630-E040625_P_B_4.A,-1.71,carbonized_quartz-mica_hornfels_shists
630-E040625_P_B_4.A,-1.7,carbonized_quartz-mica_hornfels_shists
630-E040625_P_B_4.A,-1.69,carbonized_quartz-mica_hornfels_shists
630-E040625_P_B_4.A,-1.67,carbonized_quartz-mica_hornfels_shists
630-E040625_P_B_4.A,-1.66,fault_zone
630-E040625_P_B_4.A,-1.65,carbonized_quartz-mica_hornfels_shists
630-E040625_P_B_4.A,-1.63,carbonized_quartz-mica_hornfels_shists
630-E040625_P_B_4.A,-1.62,carbonized_quartz-mica_hornfels_shists
630-E040625_P_B_4.A,-1.61,carbonized_quartz-mica_hornfels_shists
630-E040625_P_B_4.A,-1.6,carbonized_quartz-mica_hornfels_shists
630-E040625_P_B_4.A,-1.59,carbonized_quartz-mica_hornfels_shists
630-E040625_P_B_4.A,-1.58,carbonized_quartz-mica_hornfels_shists
630-E040625_P_B_4.A,-1.57,carbonized_quartz-mica_hornfels_shists
630-E040625_P_B_4.A,-1.56,carbonized_quartz-mica_hornfels_shists
630-E040625_P_B_4.A,-1.55,carbonized_quartz-mica_hornfels_shists
630-E040625_P_B_4.A,-1.54,carbonized_quartz-mica_hornfels_shists
630-E040625_P_B_4.A,-1.53,carbonized_quartz-mica_hornfels_shists
630-E040625_P_B_4.A,-1.51,carbonized_quartz-mica_hornfels_shists
630-E040625_P_B_4.A,-1.5,carbonized_quartz-mica_hornfels_shists
630-E040625_P_B_4.A,-1.49,carbonized_quartz-mica_hornfels_shists
630-E040625_P_B_4.A,-1.47,carbonized_quartz-mica_hornfels_shists
630-E040625_P_B_4.A,-1.46,carbonized_quartz-mica_hornfels_shists
630-E040625_P_B_4.A,-1.45,carbonized_quartz-mica_hornfels_shists
630-E040625_P_B_4.A,-1.44,carbonized_quartz-mica_hornfels_shists
630-E040625_P_B_4.A,-1.43,carbonized_quartz-mica_hornfels_shists
630-E040625_P_B_4.A,-1.41,carbonized_quartz-mica_hornfels_shists
630-E040625_P_B_4.A,-1.4,carbonized_quartz-mica_hornfels_shists
630-E040625_P_B_4.A,-1.39,carbonized_quartz-mica_hornfels_shists
630-E040625_P_B_4.A,-1.37,carbonized_quartz-mica_hornfels_shists
630-E040625_P_B_4.A,-1.36,carbonized_quartz-mica_hornfels_shists
630-E040625_P_B_4.A,-1.34,carbonized_quartz-mica_hornfels_shists
630-E040625_P_B_4.A,-1.31,carbonized_quartz-mica_hornfels_shists
630-E040625_P_B_4.A,-1.3,carbonized_quartz-mica_hornfels_shists
630-E040625_P_B_4.A,-1.29,carbonized_quartz-mica_hornfels_shists
630-E040625_P_B_4.A,-1.28,carbonized_quartz-mica_hornfels_shists
630-E040625_P_B_4.A,-1.27,carbonized_quartz-mica_hornfels_shists
630-E040625_P_B_4.A,-1.26,carbonized_quartz-mica_hornfels_shists
630-E040625_P_B_4.A,-1.24,carbonized_quartz-mica_hornfels_shists
630-E040625_P_B_4.A,-1.23,carbonized_quartz-mica_hornfels_shists
630-E040625_P_B_4.A,-1.21,carbonized_quartz-mica_hornfels_shists
630-E040625_P_B_4.A,-1.2,carbonized_quartz-mica_hornfels_shists
630-E040625_P_B_4.A,-1.17,fault_zone
630-E040625_P_B_4.A,-1.16,carbonized_quartz-mica_hornfels_shists
630-E040625_P_B_4.A,-1.1,carbonized_quartz-mica_hornfels_shists
630-E040625_P_B_4.A,-1.07,carbonized_quartz-mica_hornfels_shists
630-E040625_P_B_4.A,-1.06,carbonized_quartz-mica_hornfels_shists
630-E040625_P_B_4.A,-1.02,carbonized_quartz-mica_hornfels_shists
630-E040625_P_B_4.A,-1.01,carbonized_quartz-mica_hornfels_shists
630-E040625_P_B_4.A,-1.0,fault_zone
630-E040625_P_B_4.A,-0.9,carbonized_quartz-mica_hornfels_shists
630-E040625_P_B_4.A,0.01,carbonized_quartz-mica_hornfels_shists
630-E040625_P_B_4.A,0.02,carbonized_quartz-mica_hornfels_shists
630-E040625_P_B_4.A,0.03,carbonized_quartz-mica_hornfels_shists
630-E040625_P_B_4.A,0.04,carbonized_quartz-mica_hornfels_shists
630-E040625_P_B_4.A,0.05,carbonized_quartz-mica_hornfels_shists
630-E040625_P_B_4.A,0.06,carbonized_quartz-mica_hornfels_shists
630-E040625_P_B_4.A,0.07,carbonized_quartz-mica_hornfels_shists
630-E040625_P_B_4.A,0.08,carbonized_quartz-mica_hornfels_shists
630-E040625_P_B_4.A,0.09,carbonized_quartz-mica_hornfels_shists
630-E040625_P_B_4.A,0.1,carbonized_quartz-mica_hornfels_shists
630-E040625_P_B_4.A,0.11,carbonized_quartz-mica_hornfels_shists
630-E040625_P_B_4.A,0.12,carbonized_quartz-mica_hornfels_shists
630-E040625_P_B_4.A,0.13,carbonized_quartz-mica_hornfels_shists
630-E040625_P_B_4.A,0.14,carbonized_quartz-mica_hornfels_shists
630-E040625_P_B_4.A,0.15,carbonized_quartz-mica_hornfels_shists
630-E040625_P_B_4.A,0.16,carbonized_quartz-mica_hornfels_shists
630-E040625_P_B_4.A,0.17,carbonized_quartz-mica_hornfels_shists
630-E040625_P_B_4.A,0.18,carbonized_quartz-mica_hornfels_shists
630-E040625_P_B_4.A,0.19,carbonized_quartz-mica_hornfels_shists
630-E040625_P_B_4.A,0.2,carbonized_quartz-mica_hornfels_shists
630-E040625_P_B_4.A,0.21,carbonized_quartz-mica_hornfels_shists
630-E040625_P_B_4.A,0.22,carbonized_quartz-mica_hornfels_shists
630-E040625_P_B_4.A,0.23,carbonized_quartz-mica_hornfels_shists
630-E040625_P_B_4.A,0.24,carbonized_quartz-mica_hornfels_shists
630-E040625_P_B_4.A,0.25,carbonized_quartz-mica_hornfels_shists
630-E040625_P_B_4.A,0.26,carbonized_quartz-mica_hornfels_shists
630-E040625_P_B_4.A,0.27,carbonized_quartz-mica_hornfels_shists
630-E040625_P_B_4.A,0.28,carbonized_quartz-mica_hornfels_shists
630-E040625_P_B_4.A,0.29,carbonized_quartz-mica_hornfels_shists
630-E040625_P_B_4.A,0.3,carbonized_quartz-mica_hornfels_shists
630-E040625_P_B_4.A,0.31,carbonized_quartz-mica_hornfels_shists
630-E040625_P_B_4.A,0.32,carbonized_quartz-mica_hornfels_shists
630-E040625_P_B_4.A,0.33,carbonized_quartz-mica_hornfels_shists
630-E040625_P_B_4.A,0.34,carbonized_quartz-mica_hornfels_shists
630-E040625_P_B_4.A,0.35,carbonized_quartz-mica_hornfels_shists
630-E040625_P_B_4.A,0.36,carbonized_quartz-mica_hornfels_shists
630-E040625_P_B_4.A,0.37,carbonized_quartz-mica_hornfels_shists
630-E040625_P_B_4.A,0.38,carbonized_quartz-mica_hornfels_shists
630-E040625_P_B_4.A,0.39,carbonized_quartz-mica_hornfels_shists
630-E040625_P_B_4.A,0.4,carbonized_quartz-mica_hornfels_shists
630-E040625_P_B_4.A,0.41,carbonized_quartz-mica_hornfels_shists
630-E040625_P_B_4.A,0.42,carbonized_quartz-mica_hornfels_shists
630-E040625_P_B_4.A,0.43,carbonized_quartz-mica_hornfels_shists
630-E040625_P_B_4.A,0.44,carbonized_quartz-mica_hornfels_shists
630-E040625_P_B_4.A,0.45,carbonized_quartz-mica_hornfels_shists
630-E040625_P_B_4.A,0.46,carbonized_quartz-mica_hornfels_shists
630-E040625_P_B_4.A,0.47,carbonized_quartz-mica_hornfels_shists
630-E040625_P_B_4.A,0.48,carbonized_quartz-mica_hornfels_shists
630-E040625_P_B_4.A,0.49,carbonized_quartz-mica_hornfels_shists
630-E040625_P_B_4.A,0.5,carbonized_quartz-mica_hornfels_shists
630-E040625_P_B_4.A,0.51,carbonized_quartz-mica_hornfels_shists
630-E040625_P_B_4.A,0.52,carbonized_quartz-mica_hornfels_shists
630-E040625_P_B_4.A,0.53,carbonized_quartz-mica_hornfels_shists
630-E040625_P_B_4.A,0.54,carbonized_quartz-mica_hornfels_shists
630-E040625_P_B_4.A,0.55,carbonized_quartz-mica_hornfels_shists
630-E040625_P_B_4.A,0.56,carbonized_quartz-mica_hornfels_shists
630-E040625_P_B_4.A,0.57,carbonized_quartz-mica_hornfels_shists
630-E040625_P_B_4.A,0.58,carbonized_quartz-mica_hornfels_shists
630-E040625_P_B_4.A,0.59,carbonized_quartz-mica_hornfels_shists
630-E040625_P_B_4.A,0.6,carbonized_quartz-mica_hornfels_shists
630-E040625_P_B_4.A,0.61,carbonized_quartz-mica_hornfels_shists
630-E040625_P_B_4.A,0.62,carbonized_quartz-mica_hornfels_shists
630-E040625_P_B_4.A,0.63,carbonized_quartz-mica_hornfels_shists
630-E040625_P_B_4.A,0.64,carbonized_quartz-mica_hornfels_shists
630-E040625_P_B_4.A,0.65,carbonized_quartz-mica_hornfels_shists
630-E040625_P_B_4.A,0.66,carbonized_quartz-mica_hornfels_shists
630-E040625_P_B_4.A,0.67,carbonized_quartz-mica_hornfels_shists
630-E040625_P_B_4.A,0.68,carbonized_quartz-mica_hornfels_shists
630-E040625_P_B_4.A,0.69,carbonized_quartz-mica_hornfels_shists
630-E040625_P_B_4.A,0.7,carbonized_quartz-mica_hornfels_shists
630-E040625_P_B_4.A,0.71,carbonized_quartz-mica_hornfels_shists
630-E040625_P_B_4.A,0.72,carbonized_quartz-mica_hornfels_shists
630-E040625_P_B_4.A,0.73,carbonized_quartz-mica_hornfels_shists
630-E040625_P_B_4.A,0.74,carbonized_quartz-mica_hornfels_shists
630-E040625_P_B_4.A,0.75,carbonized_quartz-mica_hornfels_shists
630-E040625_P_B_4.A,0.76,carbonized_quartz-mica_hornfels_shists
630-E040625_P_B_4.A,0.77,carbonized_quartz-mica_hornfels_shists
630-E040625_P_B_4.A,0.78,carbonized_quartz-mica_hornfels_shists
630-E040625_P_B_4.A,0.79,carbonized_quartz-mica_hornfels_shists
630-E040625_P_B_4.A,0.8,carbonized_quartz-mica_hornfels_shists
630-E040625_P_B_4.A,0.81,carbonized_quartz-mica_hornfels_shists
630-E040625_P_B_4.A,0.82,carbonized_quartz-mica_hornfels_shists
630-E040625_P_B_4.A,0.83,carbonized_quartz-mica_hornfels_shists
630-E040625_P_B_4.A,0.84,carbonized_quartz-mica_hornfels_shists
630-E040625_P_B_4.A,0.85,carbonized_quartz-mica_hornfels_shists
630-E040625_P_B_4.A,0.86,carbonized_quartz-mica_hornfels_shists
630-E040625_P_B_4.A,0.87,carbonized_quartz-mica_hornfels_shists
630-E040625_P_B_4.A,0.88,carbonized_quartz-mica_hornfels_shists
630-E040625_P_B_4.A,0.89,carbonized_quartz-mica_hornfels_shists
630-E040625_P_B_4.A,0.9,carbonized_quartz-mica_hornfels_shists
630-E040625_P_B_4.A,0.91,carbonized_quartz-mica_hornfels_shists
630-E040625_P_B_4.A,0.92,carbonized_quartz-mica_hornfels_shists
630-E040625_P_B_4.A,0.93,carbonized_quartz-mica_hornfels_shists
630-E040625_P_B_4.A,0.94,carbonized_quartz-mica_hornfels_shists
630-E040625_P_B_4.A,0.95,carbonized_quartz-mica_hornfels_shists
630-E040625_P_B_4.A,0.96,carbonized_quartz-mica_hornfels_shists
630-E040625_P_B_4.A,0.97,carbonized_quartz-mica_hornfels_shists
630-E040625_P_B_4.A,0.98,carbonized_quartz-mica_hornfels_shists
630-E040625_P_B_4.A,0.99,carbonized_quartz-mica_hornfels_shists
630-E040625_P_B_4.A,1.0,carbonized_quartz-mica_hornfels_shists
630-E040625_P_B_4.A,1.01,carbonized_quartz-mica_hornfels_shists
630-E040625_P_B_4.A,1.02,carbonized_quartz-mica_hornfels_shists
630-E040625_P_B_4.A,1.03,carbonized_quartz-mica_hornfels_shists
630-E040625_P_B_4.A,1.04,carbonized_quartz-mica_hornfels_shists
630-E040625_P_B_4.A,1.05,carbonized_quartz-mica_hornfels_shists
630-E040625_P_B_4.A,1.06,carbonized_quartz-mica_hornfels_shists
630-E040625_P_B_4.A,1.08,carbonized_quartz-mica_hornfels_shists
630-E040625_P_B_4.A,1.09,carbonized_quartz-mica_hornfels_shists
630-E040625_P_B_4.A,1.18,carbonized_quartz-mica_hornfels_shists
630-E040625_P_B_4.A,1.21,carbonized_quartz-mica_hornfels_shists
