drill_passport,depth_from,depth_to,litology_code
605-E230725_P_B_9.B,-19.19,-3.66,mica-quartz_carbonate_massive_rocks
605-E230725_P_B_9.B,-3.66,-2.07,quartz-mica foliated schists
605-E230725_P_B_9.B,-2.07,-2.0,mica-quartz_carbonate_massive_rocks
605-E230725_P_B_9.B,-2.0,-1.99,quartz-mica foliated schists
605-E230725_P_B_9.B,-1.99,-1.83,mica-quartz_carbonate_massive_rocks
605-E230725_P_B_9.B,-1.83,-1.81,quartz-mica foliated schists
605-E230725_P_B_9.B,-1.81,-1.79,mica-quartz_carbonate_massive_rocks
605-E230725_P_B_9.B,-1.79,-1.76,quartz-mica foliated schists
605-E230725_P_B_9.B,-1.76,-1.72,mica-quartz_carbonate_massive_rocks
605-E230725_P_B_9.B,-1.72,-1.7,quartz-mica foliated schists
605-E230725_P_B_9.B,-1.7,-1.64,mica-quartz_carbonate_massive_rocks
605-E230725_P_B_9.B,-1.64,-1.63,quartz-mica foliated schists
605-E230725_P_B_9.B,-1.63,-1.61,mica-quartz_carbonate_massive_rocks
605-E230725_P_B_9.B,-1.61,-1.59,quartz-mica foliated schists
605-E230725_P_B_9.B,-1.59,-1.44,mica-quartz_carbonate_massive_rocks
605-E230725_P_B_9.B,-1.44,-1.41,quartz-mica foliated schists
605-E230725_P_B_9.B,-1.41,-1.25,mica-quartz_carbonate_massive_rocks
605-E230725_P_B_9.B,-1.25,-1.22,quartz-mica foliated schists
605-E230725_P_B_9.B,-1.22,-1.04,mica-quartz_carbonate_massive_rocks
605-E230725_P_B_9.B,-1.04,-1.03,quartz-mica foliated schists
605-E230725_P_B_9.B,-1.03,-0.95,mica-quartz_carbonate_massive_rocks
605-E230725_P_B_9.B,-0.95,-0.41,quartz-mica foliated schists
605-E230725_P_B_9.B,-0.41,1.09,mica-quartz_carbonate_massive_rocks
605-E230725_P_B_9.B,1.09,1.1,quartz-mica foliated schists
605-E230725_P_B_9.B,1.1,1.11,mica-quartz_carbonate_massive_rocks
630-E030525_P_B_1.B,-2.14,-1.93,mica-quartz_carbonate_massive_rocks
630-E030525_P_B_1.B,-1.93,-1.85,quartz-mica foliated schists
630-E030525_P_B_1.B,-1.85,-1.83,mica-quartz_carbonate_massive_rocks
630-E030525_P_B_1.B,-1.83,-1.72,quartz-mica foliated schists
630-E030525_P_B_1.B,-1.72,-1.71,mica-quartz_carbonate_massive_rocks
630-E030525_P_B_1.B,-1.71,-1.68,quartz-mica foliated schists
630-E030525_P_B_1.B,-1.68,-1.67,mica-quartz_carbonate_massive_rocks
630-E030525_P_B_1.B,-1.67,-1.64,quartz-mica foliated schists
630-E030525_P_B_1.B,-1.64,-1.63,mica-quartz_carbonate_massive_rocks
630-E030525_P_B_1.B,-1.63,-1.62,quartz-mica foliated schists
630-E030525_P_B_1.B,-1.62,-1.61,mica-quartz_carbonate_massive_rocks
630-E030525_P_B_1.B,-1.61,-1.57,quartz-mica foliated schists
630-E030525_P_B_1.B,-1.57,-1.56,mica-quartz_carbonate_massive_rocks
630-E030525_P_B_1.B,-1.56,-1.52,quartz-mica foliated schists
630-E030525_P_B_1.B,-1.52,-1.51,mica-quartz_carbonate_massive_rocks
630-E030525_P_B_1.B,-1.51,-1.49,quartz-mica foliated schists
630-E030525_P_B_1.B,-1.49,-1.48,mica-quartz_carbonate_massive_rocks
630-E030525_P_B_1.B,-1.48,-1.46,quartz-mica foliated schists
630-E030525_P_B_1.B,-1.46,-1.44,mica-quartz_carbonate_massive_rocks
630-E030525_P_B_1.B,-1.44,-1.42,quartz-mica foliated schists
630-E030525_P_B_1.B,-1.42,-1.4,mica-quartz_carbonate_massive_rocks
630-E030525_P_B_1.B,-1.4,-1.39,quartz-mica foliated schists
630-E030525_P_B_1.B,-1.39,-1.37,carbonaceous quartz-mica calcium metasomatites
630-E030525_P_B_1.B,-1.37,-1.33,quartz-mica foliated schists
630-E030525_P_B_1.B,-1.33,-1.32,carbonaceous quartz-mica calcium metasomatites
630-E030525_P_B_1.B,-1.32,-1.28,quartz-mica foliated schists
630-E030525_P_B_1.B,-1.28,-1.27,mica-quartz_carbonate_massive_rocks
630-E030525_P_B_1.B,-1.27,-1.26,quartz-mica foliated schists
630-E030525_P_B_1.B,-1.26,-1.24,mica-quartz_carbonate_massive_rocks
630-E030525_P_B_1.B,-1.24,0.01,quartz-mica foliated schists
630-E030525_P_B_1.B,0.01,0.13,carbonaceous quartz-mica calcium metasomatites
630-E030525_P_B_1.B,0.13,0.14,mica-quartz_carbonate_massive_rocks
630-E030525_P_B_1.B,0.14,0.15,carbonaceous quartz-mica calcium metasomatites
630-E030525_P_B_1.B,0.15,0.2,mica-quartz_carbonate_massive_rocks
630-E030525_P_B_1.B,0.2,0.21,carbonaceous quartz-mica calcium metasomatites
630-E030525_P_B_1.B,0.21,0.26,mica-quartz_carbonate_massive_rocks
630-E030525_P_B_1.B,0.26,0.29,carbonaceous quartz-mica calcium metasomatites
630-E030525_P_B_1.B,0.29,0.3,mica-quartz_carbonate_massive_rocks
630-E030525_P_B_1.B,0.3,0.31,carbonaceous quartz-mica calcium metasomatites
630-E030525_P_B_1.B,0.31,0.33,mica-quartz_carbonate_massive_rocks
630-E030525_P_B_1.B,0.33,0.34,carbonaceous quartz-mica calcium metasomatites
630-E030525_P_B_1.B,0.34,0.39,mica-quartz_carbonate_massive_rocks
630-E030525_P_B_1.B,0.39,0.4,carbonaceous quartz-mica calcium metasomatites
630-E030525_P_B_1.B,0.4,0.44,mica-quartz_carbonate_massive_rocks
630-E030525_P_B_1.B,0.44,0.45,carbonaceous quartz-mica calcium metasomatites
630-E030525_P_B_1.B,0.45,0.48,mica-quartz_carbonate_massive_rocks
630-E030525_P_B_1.B,0.48,0.51,carbonaceous quartz-mica calcium metasomatites
630-E030525_P_B_1.B,0.51,0.52,mica-quartz_carbonate_massive_rocks
630-E030525_P_B_1.B,0.52,0.53,quartz-mica foliated schists
630-E030525_P_B_1.B,0.53,0.54,mica-quartz_carbonate_massive_rocks
630-E030525_P_B_1.B,0.54,0.55,carbonaceous quartz-mica calcium metasomatites
630-E030525_P_B_1.B,0.55,0.59,mica-quartz_carbonate_massive_rocks
630-E030525_P_B_1.B,0.59,0.6,carbonaceous quartz-mica calcium metasomatites
630-E030525_P_B_1.B,0.6,0.62,mica-quartz_carbonate_massive_rocks
630-E030525_P_B_1.B,0.62,0.63,carbonaceous quartz-mica calcium metasomatites
630-E030525_P_B_1.B,0.63,0.64,mica-quartz_carbonate_massive_rocks
630-E030525_P_B_1.B,0.64,0.65,quartz-mica foliated schists
630-E030525_P_B_1.B,0.65,0.66,carbonaceous quartz-mica calcium metasomatites
630-E030525_P_B_1.B,0.66,0.69,mica-quartz_carbonate_massive_rocks
630-E030525_P_B_1.B,0.69,0.7,carbonaceous quartz-mica calcium metasomatites
630-E030525_P_B_1.B,0.7,0.71,quartz-mica foliated schists
630-E030525_P_B_1.B,0.71,0.72,carbonaceous quartz-mica calcium metasomatites
630-E030525_P_B_1.B,0.72,0.75,mica-quartz_carbonate_massive_rocks
630-E030525_P_B_1.B,0.75,0.77,carbonaceous quartz-mica calcium metasomatites
630-E030525_P_B_1.B,0.77,0.81,mica-quartz_carbonate_massive_rocks
630-E030525_P_B_1.B,0.81,0.82,carbonaceous quartz-mica calcium metasomatites
630-E030525_P_B_1.B,0.82,0.83,quartz-mica foliated schists
630-E030525_P_B_1.B,0.83,0.85,mica-quartz_carbonate_massive_rocks
630-E030525_P_B_1.B,0.85,0.9,carbonaceous quartz-mica calcium metasomatites
630-E030525_P_B_1.B,0.9,0.91,mica-quartz_carbonate_massive_rocks
630-E030525_P_B_1.B,0.91,0.92,quartz-mica foliated schists
630-E030525_P_B_1.B,0.92,0.93,carbonaceous quartz-mica calcium metasomatites
630-E030525_P_B_1.B,0.93,0.96,mica-quartz_carbonate_massive_rocks
630-E030525_P_B_1.B,0.96,0.97,carbonaceous quartz-mica calcium metasomatites
630-E030525_P_B_1.B,0.97,0.99,mica-quartz_carbonate_massive_rocks
630-E030525_P_B_1.B,0.99,1.03,carbonaceous quartz-mica calcium metasomatites
630-E030525_P_B_1.B,1.03,1.04,mica-quartz_carbonate_massive_rocks
630-E030525_P_B_1.B,1.04,1.06,quartz-mica foliated schists
630-E030525_P_B_1.B,1.06,1.07,mica-quartz_carbonate_massive_rocks
630-E030525_P_B_1.B,1.07,1.25,quartz-mica foliated schists
630-E040625_P_B_4.A,-3.07,-1.66,carbonized_quartz-mica_hornfels_shists
630-E040625_P_B_4.A,-1.66,-1.65,fault_zone
630-E040625_P_B_4.A,-1.65,-1.17,carbonized_quartz-mica_hornfels_shists
630-E040625_P_B_4.A,-1.17,-1.16,fault_zone
630-E040625_P_B_4.A,-1.16,-1.0,carbonized_quartz-mica_hornfels_shists
630-E040625_P_B_4.A,-1.0,-0.9,fault_zone
630-E040625_P_B_4.A,-0.9,1.22,carbonized_quartz-mica_hornfels_shists
